<?xml version="1.0" encoding="utf-8"?>
<network-security-config>
    <domain-config cleartextTrafficPermitted="true">
        <domain includeSubdomains="true">ww2.autoscout24.de</domain>
        <domain includeSubdomains="true">ww2.autoscout24.it</domain>
        <domain includeSubdomains="true">ww2.autoscout24.es</domain>
        <domain includeSubdomains="true">ww2.autoscout24.fr</domain>
        <domain includeSubdomains="true">ww2.autoscout24.nl</domain>
        <domain includeSubdomains="true">s3-us-west-2.amazonaws.com</domain>
        <domain includeSubdomains="true">pic.autoscout24.net</domain>
        <domain includeSubdomains="true">rest.autoscout24.com</domain>
    </domain-config>
</network-security-config>