<?xml version="1.0" encoding="utf-8"?>
<network-security-config>
    <domain-config>
        <domain includeSubdomains="true">haude.at</domain>
        <pin-set>
            <pin digest="SHA-256">Cgk8hSmmGjF72rlZvv95zyvC3CTejVGQti3NTHRpdKg=</pin>
            <pin digest="SHA-256">/HXdEOHh2yADtI1rDI+W+W49REA0BbaA08dtzYVW+Sw=</pin>
        </pin-set>
        <trustkit-config disableDefaultReportUri="true" enforcePinning="true" />
    </domain-config>
    <domain-config>
        <domain includeSubdomains="true">finanzonline.bmf.gv.at</domain>
        <pin-set>
            <pin digest="SHA-256">lwaeZs0ADCb4LzAfL0plSLcdfa704rnsADUzMAyvfak=</pin>
            <pin digest="SHA-256">/HXdEOHh2yADtI1rDI+W+W49REA0BbaA08dtzYVW+Sw=</pin>
        </pin-set>
        <trustkit-config disableDefaultReportUri="true" enforcePinning="true" />
    </domain-config>
    <base-config cleartextTrafficPermitted="true">
        <trust-anchors>
            <certificates src="system" />
            <certificates src="user" />
        </trust-anchors>
    </base-config>
</network-security-config>