<?xml version="1.0" encoding="utf-8"?>
<network-security-config>
    <domain-config cleartextTrafficPermitted="true">
        <domain includeSubdomains="true">skiline.cc</domain>
        <domain includeSubdomains="true">cc.skimovie.media.s3.amazonaws.com</domain>
        <domain includeSubdomains="true">skimovies.s3.amazonaws.com</domain>
        <domain includeSubdomains="true">skiline.s3.amazonaws.com</domain>
    </domain-config>
    <debug-overrides>
        <trust-anchors>
            <certificates src="user" />
        </trust-anchors>
    </debug-overrides>
</network-security-config>