<?xml version="1.0" encoding="utf-8"?>
<network-security-config>
    <domain-config cleartextTrafficPermitted="false">
        <domain includeSubdomains="true">yellw.co</domain>
        <pin-set>
            <pin digest="SHA-256">Qow2ry9ggCBzhaKxe6IamLbowpvaLDDESvT6E3owFus=</pin>
            <pin digest="SHA-256">klO23nT2ehFDXCfx3eHTDRESMz3asj1muO+4aIdjiuY=</pin>
            <pin digest="SHA-256">grX4Ta9HpZx6tSHkmCrvpApTQGo67CYDnvprLg5yRME=</pin>
            <pin digest="SHA-256">lCppFqbkrlJ3EcVFAkeip0+44VaoJUymbnOaEUk7tEU=</pin>
        </pin-set>
    </domain-config>
</network-security-config>