<?xml version="1.0" encoding="utf-8"?>
<network-security-config>
    <debug-overrides>
        <trust-anchors>
            <certificates src="user" />
        </trust-anchors>
    </debug-overrides>
    <domain-config cleartextTrafficPermitted="true">
        <domain includeSubdomains="true">toralarm.com</domain>
    </domain-config>
    <domain-config cleartextTrafficPermitted="true">
        <domain includeSubdomains="true">sportbuzzer.de</domain>
    </domain-config>
    <base-config cleartextTrafficPermitted="true" />
</network-security-config>