<?xml version="1.0" encoding="utf-8"?>
<network-security-config>
    <domain-config cleartextTrafficPermitted="false">
        <domain includeSubdomains="true">citymapper.com</domain>
    </domain-config>
    <domain-config cleartextTrafficPermitted="true">
        <domain includeSubdomains="true">bbc.co.uk</domain>
        <domain includeSubdomains="true">bbc.com</domain>
    </domain-config>
    <domain-config cleartextTrafficPermitted="true">
        <domain includeSubdomains="true">localhost</domain>
    </domain-config>
    <debug-overrides>
        <trust-anchors>
            <certificates src="user" />
        </trust-anchors>
    </debug-overrides>
</network-security-config>