<?xml version="1.0" encoding="utf-8"?>
<network-security-config>
    <debug-overrides>
        <trust-anchors>
            <certificates src="user" />
        </trust-anchors>
    </debug-overrides>
    <base-config cleartextTrafficPermitted="false" />
    <domain-config cleartextTrafficPermitted="true">
        <domain includeSubdomains="true">127.0.0.1</domain>
        <domain includeSubdomains="true">u.avcdn.net</domain>
        <domain includeSubdomains="true">id-ffl.avast.com</domain>
        <domain includeSubdomains="true">ff.avast.com</domain>
        <domain includeSubdomains="true">5.45.62.30</domain>
        <domain includeSubdomains="true">5.45.62.35</domain>
        <domain includeSubdomains="true">5.45.62.46</domain>
        <domain includeSubdomains="true">qa-lab.int.avast.com</domain>
        <domain includeSubdomains="true">ncc.avast.com</domain>
        <domain includeSubdomains="true">help.avast.com</domain>
        <domain includeSubdomains="true">help.avg.com</domain>
        <domain includeSubdomains="true">support.avast.com</domain>
        <domain includeSubdomains="true">support.avg.com</domain>
    </domain-config>
</network-security-config>