<?xml version="1.0" encoding="utf-8"?>
<network-security-config>
    <debug-overrides>
        <trust-anchors>
            <certificates src="user" />
        </trust-anchors>
    </debug-overrides>
    <base-config cleartextTrafficPermitted="false">
        <trust-anchors>
            <certificates src="system" />
        </trust-anchors>
    </base-config>
    <domain-config>
        <domain cleartextTrafficPermitted="false" includeSubdomains="true">tripadvisor.com</domain>
        <domain cleartextTrafficPermitted="false" includeSubdomains="true">tripadvisor.com.mx</domain>
        <domain cleartextTrafficPermitted="false" includeSubdomains="true">tripadvisor.be</domain>
        <domain cleartextTrafficPermitted="false" includeSubdomains="true">tripadvisor.com.ve</domain>
        <domain cleartextTrafficPermitted="false" includeSubdomains="true">tripadvisor.com.tw</domain>
        <domain cleartextTrafficPermitted="false" includeSubdomains="true">tripadvisor.com.hk</domain>
        <domain cleartextTrafficPermitted="false" includeSubdomains="true">tripadvisor.it</domain>
        <domain cleartextTrafficPermitted="false" includeSubdomains="true">tripadvisor.co.kr</domain>
        <domain cleartextTrafficPermitted="false" includeSubdomains="true">tripadvisor.cl</domain>
        <domain cleartextTrafficPermitted="false" includeSubdomains="true">tripadvisor.fi</domain>
        <domain cleartextTrafficPermitted="false" includeSubdomains="true">tripadvisor.pt</domain>
        <domain cleartextTrafficPermitted="false" includeSubdomains="true">tripadvisor.com.sg</domain>
        <domain cleartextTrafficPermitted="false" includeSubdomains="true">tripadvisor.com.br</domain>
        <domain cleartextTrafficPermitted="false" includeSubdomains="true">tripadvisor.co.uk</domain>
        <domain cleartextTrafficPermitted="false" includeSubdomains="true">tripadvisor.ru</domain>
        <domain cleartextTrafficPermitted="false" includeSubdomains="true">tripadvisor.co.nz</domain>
        <domain cleartextTrafficPermitted="false" includeSubdomains="true">tripadvisor.ch</domain>
        <domain cleartextTrafficPermitted="false" includeSubdomains="true">tripadvisor.sk</domain>
        <domain cleartextTrafficPermitted="false" includeSubdomains="true">tripadvisor.co.za</domain>
        <domain cleartextTrafficPermitted="false" includeSubdomains="true">tripadvisor.se</domain>
        <domain cleartextTrafficPermitted="false" includeSubdomains="true">tripadvisor.cz</domain>
        <domain cleartextTrafficPermitted="false" includeSubdomains="true">tripadvisor.com.gr</domain>
        <domain cleartextTrafficPermitted="false" includeSubdomains="true">tripadvisor.at</domain>
        <domain cleartextTrafficPermitted="false" includeSubdomains="true">tripadvisor.nl</domain>
        <domain cleartextTrafficPermitted="false" includeSubdomains="true">tripadvisor.co.hu</domain>
        <domain cleartextTrafficPermitted="false" includeSubdomains="true">tripadvisor.com.au</domain>
        <domain cleartextTrafficPermitted="false" includeSubdomains="true">tripadvisor.co.id</domain>
        <domain cleartextTrafficPermitted="false" includeSubdomains="true">tripadvisor.com.vn</domain>
        <domain cleartextTrafficPermitted="false" includeSubdomains="true">tripadvisor.com.ar</domain>
        <domain cleartextTrafficPermitted="false" includeSubdomains="true">tripadvisor.com.eg</domain>
        <domain cleartextTrafficPermitted="false" includeSubdomains="true">tripadvisor.rs</domain>
        <domain cleartextTrafficPermitted="false" includeSubdomains="true">tripadvisor.com.my</domain>
        <domain cleartextTrafficPermitted="false" includeSubdomains="true">tripadvisor.dk</domain>
        <domain cleartextTrafficPermitted="false" includeSubdomains="true">tripadvisor.es</domain>
        <domain cleartextTrafficPermitted="false" includeSubdomains="true">tripadvisor.com.tr</domain>
        <domain cleartextTrafficPermitted="false" includeSubdomains="true">tripadvisor.ie</domain>
        <domain cleartextTrafficPermitted="false" includeSubdomains="true">tripadvisor.ca</domain>
        <domain cleartextTrafficPermitted="false" includeSubdomains="true">tripadvisor.co</domain>
        <domain cleartextTrafficPermitted="false" includeSubdomains="true">tripadvisor.fr</domain>
        <domain cleartextTrafficPermitted="false" includeSubdomains="true">tripadvisor.jp</domain>
        <domain cleartextTrafficPermitted="false" includeSubdomains="true">tripadvisor.co.il</domain>
        <domain cleartextTrafficPermitted="false" includeSubdomains="true">tripadvisor.de</domain>
        <domain cleartextTrafficPermitted="false" includeSubdomains="true">tripadvisor.in</domain>
        <domain cleartextTrafficPermitted="false" includeSubdomains="true">tripadvisor.com.pe</domain>
        <domain cleartextTrafficPermitted="false" includeSubdomains="true">tripadvisor.com.ph</domain>
        <trust-anchors>
            <certificates src="system" />
            <certificates src="user" />
        </trust-anchors>
    </domain-config>
    <domain-config>
        <domain cleartextTrafficPermitted="true" includeSubdomains="true">1pic.co</domain>
        <domain cleartextTrafficPermitted="true" includeSubdomains="true">agoda.net</domain>
        <domain cleartextTrafficPermitted="true" includeSubdomains="true">onelink.me</domain>
        <domain cleartextTrafficPermitted="true" includeSubdomains="true">amazonaws.com</domain>
        <domain cleartextTrafficPermitted="true" includeSubdomains="true">americinn.com</domain>
        <domain cleartextTrafficPermitted="true" includeSubdomains="true">asiwebres.com</domain>
        <domain cleartextTrafficPermitted="true" includeSubdomains="true">backhotelengine.com</domain>
        <domain cleartextTrafficPermitted="true" includeSubdomains="true">booking-reservations.com</domain>
        <domain cleartextTrafficPermitted="true" includeSubdomains="true">bookwize.com</domain>
        <domain cleartextTrafficPermitted="true" includeSubdomains="true">bstatic.com</domain>
        <domain cleartextTrafficPermitted="true" includeSubdomains="true">cloudfront.net</domain>
        <domain cleartextTrafficPermitted="true" includeSubdomains="true">cloudinary.com</domain>
        <domain cleartextTrafficPermitted="true" includeSubdomains="true">cnstlltn.com</domain>
        <domain cleartextTrafficPermitted="true" includeSubdomains="true">cosmos-data.com</domain>
        <domain cleartextTrafficPermitted="true" includeSubdomains="true">dirs21.de</domain>
        <domain cleartextTrafficPermitted="true" includeSubdomains="true">e4jconnect.com</domain>
        <domain cleartextTrafficPermitted="true" includeSubdomains="true">eviivo.media</domain>
        <domain cleartextTrafficPermitted="true" includeSubdomains="true">expedia.com</domain>
        <domain cleartextTrafficPermitted="true" includeSubdomains="true">guestcentric.net</domain>
        <domain cleartextTrafficPermitted="true" includeSubdomains="true">guestdesk.com</domain>
        <domain cleartextTrafficPermitted="true" includeSubdomains="true">hotelodyssey.gr</domain>
        <domain cleartextTrafficPermitted="true" includeSubdomains="true">iceportal.com</domain>
        <domain cleartextTrafficPermitted="true" includeSubdomains="true">idiso.com</domain>
        <domain cleartextTrafficPermitted="true" includeSubdomains="true">innroad.com</domain>
        <domain cleartextTrafficPermitted="true" includeSubdomains="true">jetcdn.com</domain>
        <domain cleartextTrafficPermitted="true" includeSubdomains="true">miraiglobal.com</domain>
        <domain cleartextTrafficPermitted="true" includeSubdomains="true">msecnd.net</domain>
        <domain cleartextTrafficPermitted="true" includeSubdomains="true">myallocator.com</domain>
        <domain cleartextTrafficPermitted="true" includeSubdomains="true">orbebooking.com</domain>
        <domain cleartextTrafficPermitted="true" includeSubdomains="true">pclncdn.com</domain>
        <domain cleartextTrafficPermitted="true" includeSubdomains="true">reseliva.com</domain>
        <domain cleartextTrafficPermitted="true" includeSubdomains="true">simplebooking.it</domain>
        <domain cleartextTrafficPermitted="true" includeSubdomains="true">sko.fm</domain>
        <domain cleartextTrafficPermitted="true" includeSubdomains="true">synxis.com</domain>
        <domain cleartextTrafficPermitted="true" includeSubdomains="true">travlynx.com</domain>
        <domain cleartextTrafficPermitted="true" includeSubdomains="true">trvl-media.com</domain>
        <domain cleartextTrafficPermitted="true" includeSubdomains="true">vfmii.com</domain>
        <domain cleartextTrafficPermitted="true" includeSubdomains="true">vfmleonardo.com</domain>
        <domain cleartextTrafficPermitted="true" includeSubdomains="true">viator.com</domain>
        <domain cleartextTrafficPermitted="true" includeSubdomains="true">viatorcom.de</domain>
        <domain cleartextTrafficPermitted="true" includeSubdomains="true">viatorcom.fr</domain>
        <domain cleartextTrafficPermitted="true" includeSubdomains="true">viatorcom.nl</domain>
        <domain cleartextTrafficPermitted="true" includeSubdomains="true">viatorcom.no</domain>
        <domain cleartextTrafficPermitted="true" includeSubdomains="true">viatorcom.se</domain>
        <domain cleartextTrafficPermitted="true" includeSubdomains="true">visioni.info</domain>
        <domain cleartextTrafficPermitted="true" includeSubdomains="true">wikhotel.com</domain>
        <domain cleartextTrafficPermitted="true" includeSubdomains="true">windsurfercrs.com</domain>
        <domain cleartextTrafficPermitted="true" includeSubdomains="true">xnglobalres.com</domain>
        <domain cleartextTrafficPermitted="true" includeSubdomains="true">serving-sys.com</domain>
        <domain cleartextTrafficPermitted="true" includeSubdomains="true">arrivalist.com</domain>
        <domain cleartextTrafficPermitted="true" includeSubdomains="true">yieldoptimizer.com</domain>
        <domain cleartextTrafficPermitted="true" includeSubdomains="true">flashtalking.com</domain>
        <domain cleartextTrafficPermitted="true" includeSubdomains="true">doubleverify.com</domain>
        <domain cleartextTrafficPermitted="true" includeSubdomains="true">adsafeprotected.com</domain>
        <domain cleartextTrafficPermitted="true" includeSubdomains="true">doubleclick.net</domain>
        <domain cleartextTrafficPermitted="true" includeSubdomains="true">moatads.com</domain>
        <domain cleartextTrafficPermitted="false" includeSubdomains="true">koddi.com</domain>
        <domain cleartextTrafficPermitted="false" includeSubdomains="true">travelhook.com</domain>
    </domain-config>
</network-security-config>