<?xml version="1.0" encoding="utf-8"?>
<network-security-config>
    <base-config cleartextTrafficPermitted="true">
        <trust-anchors>
            <certificates src="@raw/baltimore_cybertrust_root" />
            <certificates src="@raw/amazon_ca_1" />
            <certificates src="system" />
        </trust-anchors>
    </base-config>
    <debug-overrides>
        <trust-anchors>
            <certificates src="user" />
        </trust-anchors>
    </debug-overrides>
</network-security-config>