<?xml version="1.0" encoding="utf-8"?>
<network-security-config>
    <domain-config cleartextTrafficPermitted="true">
        <domain includeSubdomains="true">api-gateway.welayout.com</domain>
        <domain includeSubdomains="true">*.welayout.com</domain>
        <domain includeSubdomains="true">api-gateway.crello.com</domain>
        <domain includeSubdomains="true">links.crello.com</domain>
        <domain includeSubdomains="true">*.crello.com</domain>
        <domain includeSubdomains="true">cdn.crello.com</domain>
        <domain includeSubdomains="true">crello.com</domain>
    </domain-config>
    <debug-overrides>
        <trust-anchors>
            <certificates src="user" />
        </trust-anchors>
    </debug-overrides>
</network-security-config>