<?xml version="1.0" encoding="utf-8"?>
<network-security-config>
    <domain-config cleartextTrafficPermitted="true">
        <domain includeSubdomains="true">ww2.lufthansa-flynet.com</domain>
        <domain includeSubdomains="true">map.boardconnect.aero</domain>
        <domain includeSubdomains="true">10.0.2.2</domain>
    </domain-config>
    <debug-overrides>
        <trust-anchors>
            <certificates src="user" />
        </trust-anchors>
    </debug-overrides>
</network-security-config>