<?xml version="1.0" encoding="utf-8"?>
<network-security-config>
    <domain-config cleartextTrafficPermitted="true">
        <domain includeSubdomains="true">www.polovniautomobili.com</domain>
    </domain-config>
    <domain-config cleartextTrafficPermitted="true">
        <domain includeSubdomains="true">www.polovniautomobili.tv</domain>
    </domain-config>
    <domain-config cleartextTrafficPermitted="false">
        <domain includeSubdomains="true">si.adocean.pl</domain>
    </domain-config>
</network-security-config>