<?xml version="1.0" encoding="utf-8"?>
<network-security-config>
    <domain-config cleartextTrafficPermitted="true">
        <domain includeSubdomains="true">127.0.0.1</domain>
        <domain includeSubdomains="true">192.168.0.61</domain>
        <domain includeSubdomains="true">nearylocal.soundcorset.com</domain>
    </domain-config>
    <debug-overrides>
        <trust-anchors>
            <certificates src="@raw/tkaylocal_ca" />
        </trust-anchors>
    </debug-overrides>
</network-security-config>