<?xml version="1.0" encoding="utf-8"?>
<network-security-config>
    <domain-config cleartextTrafficPermitted="true">
        <domain includeSubdomains="true">feedback.splitwise.com</domain>
    </domain-config>
    <base-config>
        <trust-anchors>
            <certificates src="@raw/gd_bundle_g2" />
            <certificates src="@raw/aws_cert_bundle" />
            <certificates src="@raw/privacy_com_bundle_g2" />
            <certificates src="system" />
        </trust-anchors>
    </base-config>
</network-security-config>