<?xml version="1.0" encoding="utf-8"?>
<network-security-config>
    <debug-overrides>
        <trust-anchors>
            <certificates src="system" />
            <certificates src="user" />
        </trust-anchors>
    </debug-overrides>
    <domain-config cleartextTrafficPermitted="true">
        <domain includeSubdomains="true">qlogo.cn</domain>
        <domain includeSubdomains="true">openstreetmap.org</domain>
        <domain includeSubdomains="true">opencyclemap.org</domain>
    </domain-config>
</network-security-config>