<?xml version="1.0" encoding="utf-8"?>
<network-security-config>
    <domain-config>
        <domain includeSubdomains="true">termius.com</domain>
        <pin-set>
            <pin digest="SHA-256">++MBgDH5WGvL9Bcn5Be30cRcL0f5O+NyoXuWtQdX1aI=</pin>
            <pin digest="SHA-256">f0KW/FtqTjs108NpYj42SrGvOB2PpxIVM8nWxjPqJGE=</pin>
            <pin digest="SHA-256">NqvDJlas/GRcYbcWE8S/IceH9cq77kg0jVhZeAPXq8k=</pin>
            <pin digest="SHA-256">9+ze1cZgR9KO1kZrVDxA4HQ6voHRCSVNz4RdTCx4U8U=</pin>
            <pin digest="SHA-256">KwccWaCgrnaw6tsrrSO61FgLacNgG2MMLq8GE6+oP5I=</pin>
        </pin-set>
        <trustkit-config disableDefaultReportUri="true" enforcePinning="true" />
    </domain-config>
</network-security-config>