<?xml version="1.0" encoding="utf-8"?>
<network-security-config>
    <domain-config cleartextTrafficPermitted="true">
        <domain includeSubdomains="true">viamichelin.com</domain>
        <domain includeSubdomains="true">beaconforstore.com</domain>
        <domain includeSubdomains="true">travelcom.michelin-travel.com</domain>
        <domain includeSubdomains="true">tiles.virtualearth.net</domain>
    </domain-config>
    <base-config>
        <trust-anchors>
            <certificates src="system" />
            <certificates src="user" />
        </trust-anchors>
    </base-config>
</network-security-config>