<?xml version="1.0" encoding="utf-8"?>
<network-security-config>
    <debug-overrides>
        <trust-anchors>
            <certificates src="system" />
            <certificates src="user" />
        </trust-anchors>
    </debug-overrides>
    <domain-config cleartextTrafficPermitted="true">
        <domain includeSubdomains="true">eurosport.com</domain>
        <domain includeSubdomains="true">eurosportplayer.com</domain>
        <domain includeSubdomains="true">omtrdc.net</domain>
        <domain includeSubdomains="true">fwmrm.net</domain>
        <domain includeSubdomains="true">dnitv.com</domain>
    </domain-config>
</network-security-config>