<?xml version="1.0" encoding="utf-8"?>
<network-security-config>
    <domain-config cleartextTrafficPermitted="true">
        <domain includeSubdomains="true">api.happycow.net</domain>
        <domain includeSubdomains="true">images.happycow.net</domain>
        <domain includeSubdomains="true">www.happycow.net</domain>
    </domain-config>
    <base-config cleartextTrafficPermitted="false">
        <trust-anchors>
            <certificates src="system" />
        </trust-anchors>
    </base-config>
</network-security-config>