<?xml version="1.0" encoding="utf-8"?>
<network-security-config>
    <domain-config cleartextTrafficPermitted="true">
        <domain includeSubdomains="true">23.21.188.188</domain>
        <domain includeSubdomains="true">apis.rubycell.com</domain>
        <domain includeSubdomains="true">rubycell.com</domain>
        <domain includeSubdomains="true">download.pianisthd.com</domain>
        <domain includeSubdomains="true">apis-piano.rubycell.com</domain>
        <domain includeSubdomains="true">search.pianisthd.com</domain>
        <domain includeSubdomains="true">cloud.rubycell.com</domain>
        <domain includeSubdomains="true">127.0.0.1</domain>
        <domain includeSubdomains="true">ip-api.com</domain>
    </domain-config>
</network-security-config>