<?xml version="1.0" encoding="utf-8"?>
<network-security-config>
    <base-config cleartextTrafficPermitted="false">
        <trust-anchors>
            <certificates src="system" />
            <certificates src="user" />
        </trust-anchors>
    </base-config>
    <domain-config cleartextTrafficPermitted="false">
        <domain includeSubdomains="true">pim.microsoft.com</domain>
        <pin-set>
            <pin digest="SHA-256">grbH6X9f+atOLWXmHQTzQsx9QDo6F9ep7yaiPZUp6s0=</pin>
            <pin digest="SHA-256">UgpUVparimk8QCjtWQaUQ7EGrtrykc/L8N66EhFY3VE=</pin>
        </pin-set>
    </domain-config>
    <domain-config cleartextTrafficPermitted="false">
        <domain includeSubdomains="true">dev.rpa.microsoft.com</domain>
        <pin-set>
            <pin digest="SHA-256">fdUHpmthVhg/uxNePic7BzmIE65n9pQjJryKcmbZeYs=</pin>
            <pin digest="SHA-256">1wMGTin0PoCN5O41h0+XIHXuzGRwDEa8ehHf7wSdSQE=</pin>
        </pin-set>
    </domain-config>
    <domain-config cleartextTrafficPermitted="false">
        <domain includeSubdomains="true">test.rpa.microsoft.com</domain>
        <pin-set>
            <pin digest="SHA-256">7DKGpMwT1+/bWKlamzTIr0nqli6RluWW8ItxbxLp9lY=</pin>
            <pin digest="SHA-256">UgpUVparimk8QCjtWQaUQ7EGrtrykc/L8N66EhFY3VE=</pin>
        </pin-set>
    </domain-config>
    <domain-config cleartextTrafficPermitted="false">
        <domain includeSubdomains="true">sdf.rpa.microsoft.com</domain>
        <pin-set>
            <pin digest="SHA-256">0RweqyUqm6kw0W2KeeYybFXlqNXpFMOgFaAPMst8k+s=</pin>
            <pin digest="SHA-256">UgpUVparimk8QCjtWQaUQ7EGrtrykc/L8N66EhFY3VE=</pin>
        </pin-set>
    </domain-config>
    <domain-config cleartextTrafficPermitted="false">
        <domain includeSubdomains="true">msit.rpa.microsoft.com</domain>
        <pin-set>
            <pin digest="SHA-256">vTKU+jChu32EFQXM0oqjam4y3rdK7CQtDyLr7tWQFes=</pin>
            <pin digest="SHA-256">UgpUVparimk8QCjtWQaUQ7EGrtrykc/L8N66EhFY3VE=</pin>
        </pin-set>
    </domain-config>
    <domain-config>
        <domain includeSubdomains="true">phonefactor.net</domain>
        <domain includeSubdomains="true">login.live.com</domain>
        <domain includeSubdomains="true">storage.live.com</domain>
        <domain includeSubdomains="true">mobileappcommunicator.auth.microsoft.com</domain>
        <domain includeSubdomains="true">activity.windows.com</domain>
        <domain includeSubdomains="true">enterpriseregistration.windows.net</domain>
        <domain includeSubdomains="true">enterpriseregistration.partner.microsoftonline.cn</domain>
        <domain includeSubdomains="true">enterpriseregistration.microsoftonline.de</domain>
        <domain includeSubdomains="true">enterpriseregistration.microsoftonline.us</domain>
        <domain includeSubdomains="true">adnotifications.windowsazure.com</domain>
        <domain includeSubdomains="true">adnotifications.windowsazure.us</domain>
        <domain includeSubdomains="true">firebaseinstallations.googleapis.com</domain>
        <domain includeSubdomains="true">mobile.pipe.aria.microsoft.com</domain>
        <domain includeSubdomains="true">login.microsoft.com</domain>
        <domain includeSubdomains="true">login.microsoftonline.com</domain>
        <domain includeSubdomains="true">login.microsoftonline.us</domain>
        <domain includeSubdomains="true">login.microsoftonline.de</domain>
        <domain includeSubdomains="true">login.partner.microsoftonline.cn</domain>
        <domain includeSubdomains="true">login.windows.net</domain>
        <domain includeSubdomains="true">login.chinacloudapi.cn</domain>
        <domain includeSubdomains="true">login.usgovcloudapi.net</domain>
        <domain includeSubdomains="true">login-us.microsoftonline.com</domain>
        <domain includeSubdomains="true">sts.windows.net</domain>
        <trust-anchors>
            <certificates src="system" />
        </trust-anchors>
    </domain-config>
</network-security-config>