<?xml version="1.0" encoding="utf-8"?>
<network-security-config>
    <domain-config cleartextTrafficPermitted="true">
        <domain includeSubdomains="true">http://5.53.125.62</domain>
        <domain includeSubdomains="true">5.53.125.62</domain>
        <domain includeSubdomains="true">https://api-prod.babyinsideapp.ru</domain>
        <domain includeSubdomains="true">api-prod.babyinsideapp.ru</domain>
        <domain includeSubdomains="true">http://api-dev.babyinsideapp.ru/</domain>
        <domain includeSubdomains="true">api-dev.babyinsideapp.ru</domain>
        <domain includeSubdomains="true">http://127.0.0.1:36747</domain>
        <domain includeSubdomains="true">127.0.0.1:36747</domain>
        <domain includeSubdomains="true">127.0.0.1</domain>
        <trust-anchors>
            <certificates src="system" />
        </trust-anchors>
    </domain-config>
</network-security-config>