<?xml version="1.0" encoding="utf-8"?>
<network-security-config>
    <base-config cleartextTrafficPermitted="false" />
    <domain-config cleartextTrafficPermitted="true">
        <domain includeSubdomains="true">youtube.com</domain>
        <domain includeSubdomains="true">127.0.0.1</domain>
    </domain-config>
    <domain-config cleartextTrafficPermitted="false">
        <domain includeSubdomains="false">township-ios.playrix.com</domain>
        <domain includeSubdomains="false">web.playrix.com</domain>
        <pin-set>
            <pin digest="SHA-256">BrYqF52hDLymhLn+eUhs6G70wiA2DioK+o40vKWj5QA=</pin>
            <pin digest="SHA-256">3bCpBBEprhWq28FdP/hCXO4VyYwygZWW/tSb8Dy4DmM=</pin>
            <pin digest="SHA-256">EgNpQklEUNXn9Nl6RoIOC532j1g5+EFw0ZpLxxJq9Ms=</pin>
        </pin-set>
    </domain-config>
</network-security-config>