<?xml version="1.0" encoding="utf-8"?>
<network-security-config>
    <base-config cleartextTrafficPermitted="true">
        <trust-anchors>
            <certificates src="system" />
        </trust-anchors>
    </base-config>
    <domain-config cleartextTrafficPermitted="true">
        <domain includeSubdomains="true">poemyapp.com</domain>
        <domain includeSubdomains="true">127.0.0.1</domain>
        <domain includeSubdomains="true">34.222.149.226</domain>
    </domain-config>
</network-security-config>