<?xml version="1.0" encoding="utf-8"?>
<network-security-config>
    <base-config cleartextTrafficPermitted="true" />
    <debug-overrides>
        <trust-anchors>
            <certificates src="system" />
            <certificates src="user" />
        </trust-anchors>
    </debug-overrides>
    <domain-config cleartextTrafficPermitted="false">
        <domain includeSubdomains="true">adobe.com</domain>
        <domain includeSubdomains="true">echosign.com</domain>
        <domain includeSubdomains="true">adobesign.com</domain>
        <domain includeSubdomains="true">acrobat.com</domain>
        <domain includeSubdomains="true">adobelogin.com</domain>
        <domain includeSubdomains="true">adobe.io</domain>
        <domain includeSubdomains="true">adobedtm.com</domain>
        <domain includeSubdomains="true">adobecontent.io</domain>
        <domain includeSubdomains="true">acrocomcontent.com</domain>
    </domain-config>
</network-security-config>