<?xml version="1.0" encoding="utf-8"?>
<network-security-config>
    <domain-config cleartextTrafficPermitted="true">
        <domain includeSubdomains="true">192.168.1.101</domain>
        <domain includeSubdomains="true">virtualmaze.com</domain>
        <domain includeSubdomains="true">virtualmaze.co.in</domain>
        <domain includeSubdomains="true">api.virtualmaze.com</domain>
        <domain includeSubdomains="true">api.gdr.virtualmaze.com</domain>
        <domain includeSubdomains="true">search.mapzen.com</domain>
        <domain includeSubdomains="true">3.131.116.60</domain>
    </domain-config>
</network-security-config>