<?xml version="1.0" encoding="utf-8"?>
<network-security-config>
    <domain-config cleartextTrafficPermitted="true">
        <domain includeSubdomains="true">admost.com</domain>
        <domain includeSubdomains="true">127.0.0.1</domain>
        <domain includeSubdomains="true">time.certum.pl</domain>
        <domain includeSubdomains="true">timestamp.globalsign.com/scripts/timstamp.dll</domain>
        <domain includeSubdomains="true">timestamp.comodoca.com/rfc3161</domain>
        <domain includeSubdomains="true">timestamp.wosign.com</domain>
        <domain includeSubdomains="true">tsa.startssl.com/rfc3161</domain>
        <domain includeSubdomains="true">timestamp.digicert.com</domain>
        <domain includeSubdomains="true">dse200.ncipher.com/TSS/HttpTspServer</domain>
        <domain includeSubdomains="true">zeitstempel.dfn.de</domain>
        <domain includeSubdomains="true">services.globaltrustfinder.com/adss/tsa</domain>
        <domain includeSubdomains="true">timestamp.apple.com/ts01</domain>
        <domain includeSubdomains="true">timestamp.entrust.net/TSS/RFC3161sha2TS</domain>
    </domain-config>
</network-security-config>