<?xml version="1.0" encoding="utf-8"?>
<network-security-config>
    <domain-config cleartextTrafficPermitted="false">
        <domain includeSubdomains="true">prod.jdgroupmesh.cloud</domain>
        <domain includeSubdomains="true">uat.jdgroupmeshtest.cloud</domain>
        <domain includeSubdomains="true">engine.monetate.net</domain>
        <domain includeSubdomains="true">api.taggstar.com</domain>
        <domain includeSubdomains="true">api-2.curalate.com</domain>
    </domain-config>
</network-security-config>