<?xml version="1.0" encoding="utf-8"?>
<network-security-config>
    <base-config cleartextTrafficPermitted="true">
        <trust-anchors>
            <certificates src="system" />
        </trust-anchors>
    </base-config>
    <domain-config cleartextTrafficPermitted="true">
        <domain includeSubdomains="true">quran.ksu.edu.sa</domain>
        <domain includeSubdomains="true">api.madarsoft.com</domain>
        <domain includeSubdomains="true">api.almosaly.com</domain>
        <domain includeSubdomains="true">commentsystem.madarsoft.com</domain>
        <domain includeSubdomains="true">example.com</domain>
        <domain includeSubdomains="true">cdn.example2.com</domain>
    </domain-config>
</network-security-config>