<?xml version="1.0" encoding="utf-8"?>
<network-security-config>
    <base-config cleartextTrafficPermitted="true" />
    <domain-config cleartextTrafficPermitted="false">
        <domain includeSubdomains="true">repla.io</domain>
    </domain-config>
    <domain-config cleartextTrafficPermitted="false">
        <domain includeSubdomains="true">replaio.com</domain>
    </domain-config>
    <domain-config cleartextTrafficPermitted="true">
        <domain includeSubdomains="true">127.0.0.1</domain>
    </domain-config>
</network-security-config>