<?xml version="1.0" encoding="utf-8"?>
<network-security-config>
    <base-config cleartextTrafficPermitted="true">
        <trust-anchors>
            <certificates src="system" />
        </trust-anchors>
    </base-config>
    <domain-config cleartextTrafficPermitted="false">
        <domain includeSubdomains="false">api.getpocket.com</domain>
        <domain includeSubdomains="false">text.getpocket.com</domain>
        <domain includeSubdomains="false">d.getpocket.com</domain>
        <domain includeSubdomains="true">pocket-image-cache.com</domain>
        <trust-anchors>
            <certificates src="system" />
        </trust-anchors>
    </domain-config>
</network-security-config>