<?xml version="1.0" encoding="utf-8"?>
<network-security-config>
    <debug-overrides>
        <trust-anchors>
            <certificates src="user" />
        </trust-anchors>
    </debug-overrides>
    <domain-config cleartextTrafficPermitted="true">
        <domain includeSubdomains="true">barca.accounts.fcbarcelona.com</domain>
        <domain includeSubdomains="true">barca-pre.accounts.fcbarcelona.com</domain>
        <domain includeSubdomains="true">cf.vod.mp.streamamg.com</domain>
        <domain includeSubdomains="true">streamamghdl-lh.akamaihd.net</domain>
    </domain-config>
</network-security-config>