<?xml version="1.0" encoding="utf-8"?>
<network-security-config>
    <base-config cleartextTrafficPermitted="true" />
    <domain-config cleartextTrafficPermitted="false">
        <domain includeSubdomains="true">pinterest.com</domain>
        <domain includeSubdomains="true">pinimg.com</domain>
        <domain includeSubdomains="true">branch.io</domain>
        <domain includeSubdomains="true">facebook.com</domain>
        <domain includeSubdomains="true">appsflyer.com</domain>
        <domain includeSubdomains="true">bugsnag.com</domain>
        <domain includeSubdomains="true">cedexis.com</domain>
    </domain-config>
    <debug-overrides>
        <trust-anchors>
            <certificates src="user" />
        </trust-anchors>
    </debug-overrides>
</network-security-config>