<?xml version="1.0" encoding="utf-8"?>
<network-security-config>
    <domain-config cleartextTrafficPermitted="true">
        <domain includeSubdomains="true">139.59.241.64</domain>
        <domain includeSubdomains="true">139.180.215.233</domain>
        <domain includeSubdomains="true">66.42.59.23</domain>
        <domain includeSubdomains="true">45.76.154.156</domain>
        <domain includeSubdomains="true">127.0.0.1</domain>
        <domain includeSubdomains="true">mycat.asia</domain>
        <domain includeSubdomains="true">lionchickenmobile.com</domain>
    </domain-config>
</network-security-config>