<?xml version="1.0" encoding="utf-8"?>
<network-security-config>
    <domain-config cleartextTrafficPermitted="true">
        <domain includeSubdomains="true">mobile.outdooractive.com</domain>
        <domain includeSubdomains="true">testing.outdooractive.com</domain>
        <domain includeSubdomains="true">www.outdooractive.com</domain>
        <domain includeSubdomains="true">support.outdooractive.com</domain>
        <domain includeSubdomains="true">ign.fr</domain>
    </domain-config>
</network-security-config>