<?xml version="1.0" encoding="utf-8"?>
<network-security-config>
    <debug-overrides>
        <trust-anchors>
            <certificates src="user" />
        </trust-anchors>
    </debug-overrides>
    <domain-config cleartextTrafficPermitted="true">
        <domain includeSubdomains="false">localhost</domain>
        <domain includeSubdomains="false">192.168.1.12</domain>
        <domain includeSubdomains="false">192.168.178.89</domain>
        <domain includeSubdomains="false">192.168.1.8</domain>
        <domain includeSubdomains="false">192.168.1.6</domain>
        <domain includeSubdomains="false">172.20.10.2</domain>
        <domain includeSubdomains="false">10.0.2.2</domain>
    </domain-config>
</network-security-config>