<?xml version="1.0" encoding="utf-8"?>
<network-security-config>
    <base-config cleartextTrafficPermitted="false">
        <trust-anchors>
            <certificates src="system" />
        </trust-anchors>
    </base-config>
    <domain-config cleartextTrafficPermitted="true">
        <domain includeSubdomains="true">localhost</domain>
        <domain includeSubdomains="true">10.0.1.1</domain>
        <domain includeSubdomains="true">10.0.2.2</domain>
        <domain includeSubdomains="true">10.0.3.3</domain>
    </domain-config>
</network-security-config>