<?xml version="1.0" encoding="utf-8"?>
<network-security-config>
    <domain-config cleartextTrafficPermitted="true">
        <domain includeSubdomains="true">arcpublishing.com</domain>
        <domain includeSubdomains="true">rtl.de</domain>
        <domain includeSubdomains="true">px1.vtrtl.de</domain>
    </domain-config>
    <debug-overrides>
        <trust-anchors>
            <certificates src="system" />
            <certificates src="user" />
        </trust-anchors>
    </debug-overrides>
</network-security-config>