<?xml version="1.0" encoding="utf-8"?>
<network-security-config>
    <domain-config cleartextTrafficPermitted="true">
        <domain includeSubdomains="true">spiegel.de</domain>
    </domain-config>
    <domain-config cleartextTrafficPermitted="true">
        <domain includeSubdomains="true">manager-magazin.de</domain>
    </domain-config>
    <domain-config cleartextTrafficPermitted="true">
        <domain includeSubdomains="true">mc.tritondigital.com</domain>
    </domain-config>
</network-security-config>