<?xml version="1.0" encoding="utf-8"?>
<network-security-config>
    <base-config>
        <trust-anchors>
            <certificates src="system" />
        </trust-anchors>
    </base-config>
    <debug-overrides>
        <trust-anchors>
            <certificates src="user" />
        </trust-anchors>
    </debug-overrides>
    <domain-config cleartextTrafficPermitted="true">
        <domain includeSubdomains="true">localhost</domain>
        <domain includeSubdomains="true">brightcove.com</domain>
        <domain includeSubdomains="true">content.tuigroup.com</domain>
        <domain includeSubdomains="true">thomson.co.uk</domain>
        <domain includeSubdomains="true">tui.co.uk</domain>
        <domain includeSubdomains="true">images.tuinordic.com</domain>
        <domain includeSubdomains="true">otageo.cartrawler.com</domain>
        <domain includeSubdomains="true">screen9.com</domain>
        <domain includeSubdomains="true">tuigroup.com</domain>
        <domain includeSubdomains="true">shop.inflightservice.se</domain>
        <domain includeSubdomains="true">firstchoice.co.uk</domain>
        <domain includeSubdomains="true">llnwd.net</domain>
        <domain includeSubdomains="true">tuicontent.nl</domain>
        <domain includeSubdomains="true">documents.tui.be</domain>
        <domain includeSubdomains="true">m.tui.com</domain>
        <domain includeSubdomains="true">tuitransfer.com</domain>
        <domain includeSubdomains="true">tuiteam.com</domain>
        <domain includeSubdomains="true">staging.paxport.se</domain>
        <domain includeSubdomains="true">firstchoiceins.co.uk</domain>
        <domain includeSubdomains="true">trip.holidayextras.co.uk</domain>
        <domain includeSubdomains="true">nationalexpress.com</domain>
        <domain includeSubdomains="true">daily.robinson.com</domain>
        <domain includeSubdomains="true">onetwoflyfunclub-m.hotel-mssngr.com</domain>
        <domain includeSubdomains="true">sensatori-m.hotel-mssngr.com</domain>
        <domain includeSubdomains="true">bluevillage-m.hotel-mssngr.com</domain>
        <domain includeSubdomains="true">startour.no</domain>
        <domain includeSubdomains="true">vers4u-test.tui.de</domain>
    </domain-config>
</network-security-config>