<?xml version="1.0" encoding="utf-8"?>
<network-security-config>
    <domain-config cleartextTrafficPermitted="true">
        <domain includeSubdomains="true">em-api.test-stack.se</domain>
        <domain includeSubdomains="true">em-api.thetest.stream</domain>
        <domain includeSubdomains="true">https://at-em-api.test-stack.se</domain>
        <domain includeSubdomains="true">https://at-em-api.thetest.stream</domain>
        <domain includeSubdomains="true">https://at-em-api.daufood.com</domain>
        <domain includeSubdomains="true">https://cache.dominos.com</domain>
        <domain includeSubdomains="true">docs.google.com</domain>
        <domain includeSubdomains="true">cz-www.daufood.co</domain>
        <domain includeSubdomains="true">https://cz-www.daufood.co</domain>
        <domain includeSubdomains="true">https://pt-em-api.test-stack.se</domain>
        <domain includeSubdomains="true">https://pt-em-api.thetest.stream</domain>
        <domain includeSubdomains="true">https://pt-em-api.daufood.com</domain>
        <domain includeSubdomains="true">pt-www.daufood.co</domain>
        <domain includeSubdomains="true">https://pt-www.daufood.co</domain>
        <domain includeSubdomains="true">www.dominos.gr</domain>
        <domain includeSubdomains="true">em-api.dominos.gr</domain>
        <domain includeSubdomains="true">www.dominos.mk</domain>
        <domain includeSubdomains="true">www.dominos-pizza.ro</domain>
        <domain includeSubdomains="true"> https://ro-echo.thetest.stream</domain>
        <domain includeSubdomains="true">www.dominospizzanc.com</domain>
        <domain includeSubdomains="true">www.dominos.no</domain>
        <domain includeSubdomains="true">www.dominos.com.mt</domain>
        <domain includeSubdomains="true">mobileversion.dominos.se</domain>
    </domain-config>
</network-security-config>