<?xml version="1.0" encoding="utf-8"?>
<network-security-config>
    <domain-config cleartextTrafficPermitted="true">
        <domain includeSubdomains="true">127.0.0.1</domain>
        <domain includeSubdomains="true">matrix.dailyinnovation.biz</domain>
        <domain includeSubdomains="true">testmatrix.dailyinnovation.biz</domain>
        <trust-anchors>
            <certificates src="user" />
            <certificates src="system" />
        </trust-anchors>
    </domain-config>
    <base-config cleartextTrafficPermitted="true" />
</network-security-config>