<?xml version="1.0" encoding="utf-8"?>
<network-security-config>
    <base-config cleartextTrafficPermitted="true">
        <trust-anchors>
            <certificates src="@raw/isrg_root_x2" />
            <certificates src="@raw/isrg_root_x1" />
            <certificates src="system" />
        </trust-anchors>
    </base-config>
    <domain-config cleartextTrafficPermitted="false">
        <domain includeSubdomains="true">@string/config_lsid_server_domain</domain>
    </domain-config>
</network-security-config>