<?xml version="1.0" encoding="utf-8"?>
<network-security-config>
    <base-config>
        <trust-anchors>
            <certificates src="system" />
        </trust-anchors>
    </base-config>
    <domain-config>
        <domain includeSubdomains="true">mit.zzsjmk.cz</domain>
        <pin-set>
            <pin digest="SHA-256">l8qYIkeS/7Poyd7vwHzdwxFnVBg6WirDXL+FkVWpd9w=</pin>
            <pin digest="SHA-256">klO23nT2ehFDXCfx3eHTDRESMz3asj1muO+4aIdjiuY=</pin>
            <pin digest="SHA-256">grX4Ta9HpZx6tSHkmCrvpApTQGo67CYDnvprLg5yRME=</pin>
            <pin digest="SHA-256">lCppFqbkrlJ3EcVFAkeip0+44VaoJUymbnOaEUk7tEU=</pin>
            <pin digest="SHA-256">llWXMUSMi5MvUq/+ysa7Wx+pScJzrh297BnJH1WQocI=</pin>
            <pin digest="SHA-256">GQbGEk27Q4V40A4GbVBUxsN/D6YCjAVUXgmU7drshik=</pin>
            <pin digest="SHA-256">Rgf6Wnwbdv9nEsdxDeB2gCPXUB6C3Y3dDbU7tDwQ4Ic=</pin>
            <pin digest="SHA-256">/36ymPAVaJl3QDyB1lUkVf9GqJNug0R8JJPDN6348p8=</pin>
            <pin digest="SHA-256">Q7MQfXNCFl1AbPl1zXmzbtFkUEjwXX/26gCW5Ce324Q=</pin>
            <pin digest="SHA-256">TOY30Zco74LBgeZrKZkrh1SuLEEWYNrrG4YRPTWpAO8=</pin>
        </pin-set>
        <trustkit-config enforcePinning="true" />
    </domain-config>
    <domain-config>
        <domain includeSubdomains="true">mitx.zzsjmk.cz</domain>
        <trustkit-config enforcePinning="false" />
    </domain-config>
    <domain-config>
        <domain includeSubdomains="true">mentokapp.mentok.hu</domain>
        <pin-set>
            <pin digest="SHA-256">maWNyyDiLmsLRQYd3JQN6+sII/9x+rqqsMmndAuNnEU=</pin>
            <pin digest="SHA-256">48hXNwn3laJAzsrIBprOcewUb097BGNL7e+MVM7Rcis=</pin>
            <pin digest="SHA-256">r/mIkG3eEpVdm+u/ko/cwxzOMo1bk4TyHIlByibiA5E=</pin>
        </pin-set>
        <trustkit-config enforcePinning="true" />
    </domain-config>
    <domain-config>
        <domain includeSubdomains="true">mentokappx.mentok.hu</domain>
        <trustkit-config enforcePinning="false" />
    </domain-config>
    <domain-config>
        <domain includeSubdomains="true">rettungapp.api.notrufnoe.at</domain>
        <trustkit-config enforcePinning="false" />
    </domain-config>
    <domain-config>
        <domain includeSubdomains="true">hzs.ipsec.info</domain>
        <trustkit-config enforcePinning="false" />
    </domain-config>
    <domain-config>
        <domain includeSubdomains="true">intra.zachranka.app</domain>
        <trustkit-config enforcePinning="false" />
    </domain-config>
    <domain-config>
        <domain includeSubdomains="true">mentokcms.mentok.hu</domain>
        <trustkit-config enforcePinning="false" />
    </domain-config>
    <domain-config>
        <domain includeSubdomains="true">rettungapp-01.notrufnoe.at</domain>
        <trustkit-config enforcePinning="false" />
    </domain-config>
    <domain-config>
        <domain includeSubdomains="true">cms.hzs.sk</domain>
        <trustkit-config enforcePinning="false" />
    </domain-config>
</network-security-config>