<?xml version="1.0" encoding="utf-8"?>
<network-security-config>
    <domain-config cleartextTrafficPermitted="true">
        <domain includeSubdomains="true">vestiairecollective.com</domain>
        <domain includeSubdomains="true">algolianet.com</domain>
        <domain includeSubdomains="true">elasticbeanstalk.com</domain>
        <domain includeSubdomains="true">vestiairecollective.imgix.net</domain>
        <domain includeSubdomains="true">stage-vestiairecollective.imgix.net</domain>
        <domain includeSubdomains="true">vdc-img-0.ig1-cdn.com</domain>
        <domain includeSubdomains="true">localhost</domain>
    </domain-config>
    <debug-overrides>
        <trust-anchors>
            <certificates src="system" />
            <certificates src="user" />
        </trust-anchors>
    </debug-overrides>
</network-security-config>