<?xml version="1.0" encoding="utf-8"?>
<network-security-config>
    <base-config cleartextTrafficPermitted="false">
        <trust-anchors>
            <certificates src="system" />
        </trust-anchors>
    </base-config>
    <domain-config>
        <domain includeSubdomains="true">otpbank.hu</domain>
        <pin-set expiration="2022-08-19">
            <pin digest="SHA-256">N7CaberDTm/RzL29qRtgHMofPqC5myYd47lKNNiu4pA=</pin>
        </pin-set>
        <domain-config>
            <domain includeSubdomains="true">mobilbank.otpbank.hu</domain>
            <domain includeSubdomains="true">internetbank.otpbank.hu</domain>
            <pin-set expiration="2021-09-01">
                <pin digest="SHA-256">Ah/TErQ/eXK+yRLUGmTghDZ1svJoYpiwuf5uG5RMf9Q=</pin>
            </pin-set>
        </domain-config>
        <domain-config>
            <domain includeSubdomains="false">piwikpro.otpbank.hu</domain>
            <pin-set expiration="2022-09-02">
                <pin digest="SHA-256">rRUQDUgNOiVVNG22t/qE/oTn8UMh+MMvbb+Pz77NPak=</pin>
            </pin-set>
        </domain-config>
    </domain-config>
</network-security-config>