<?xml version="1.0" encoding="utf-8"?>
<network-security-config>
    <domain-config cleartextTrafficPermitted="true">
        <domain includeSubdomains="true">airelectric.de</domain>
        <domain includeSubdomains="true">epowerdirect.com</domain>
        <domain includeSubdomains="true">scanandcharge.com</domain>
        <domain includeSubdomains="true">tnm.io</domain>
        <domain includeSubdomains="true">intercharge.eu</domain>
        <domain includeSubdomains="true">chargecloud.de</domain>
        <domain includeSubdomains="true">enio.at</domain>
        <domain includeSubdomains="true">incorporateapps.com</domain>
        <domain includeSubdomains="true">bit.ly</domain>
    </domain-config>
</network-security-config>