<?xml version="1.0" encoding="utf-8"?>
<network-security-config>
    <domain-config cleartextTrafficPermitted="true">
        <domain includeSubdomains="true">magedalqerbi.cachefly.net</domain>
        <domain includeSubdomains="true">127.0.0.1</domain>
        <domain includeSubdomains="true">wastickerapps.info</domain>
        <domain includeSubdomains="true">stickers.network</domain>
        <domain includeSubdomains="true">stickers.lol</domain>
        <domain includeSubdomains="true">us-central1-pegatinaapp-c4637.cloudfunctions.net</domain>
        <domain includeSubdomains="true">maged.optional.netdna-cdn.com</domain>
    </domain-config>
</network-security-config>